<?xml version="1.0" encoding="UTF-8"?>
<project-private xmlns="http://www.netbeans.org/ns/project-private/1">
    <editor-bookmarks xmlns="http://www.netbeans.org/ns/editor-bookmarks/2" lastBookmarkId="0"/>
    <open-files xmlns="http://www.netbeans.org/ns/projectui-open-files/2">
        <group>
            <file>file:/media/anani/defitech/Defitech/Semestre_2/POO/Travaux%20Dirigés/TD_exception/src/td_exception/TD_exception.java</file>
            <file>file:/media/anani/defitech/Defitech/Semestre_2/POO/Travaux%20Dirigés/TD_exception/src/td_exception/ExempleException.java</file>
        </group>
    </open-files>
</project-private>
